-- phpMyAdmin SQL Dump
-- version 3.5.4
-- http://www.phpmyadmin.net
--
-- 主机: localhost
-- 生成日期: 2018 年 07 月 30 日 23:46
-- 服务器版本: 5.6.21-log
-- PHP 版本: 5.4.33

SET SQL_MODE="NO_AUTO_VALUE_ON_ZERO";
SET time_zone = "+00:00";


/*!40101 SET @OLD_CHARACTER_SET_CLIENT=@@CHARACTER_SET_CLIENT */;
/*!40101 SET @OLD_CHARACTER_SET_RESULTS=@@CHARACTER_SET_RESULTS */;
/*!40101 SET @OLD_COLLATION_CONNECTION=@@COLLATION_CONNECTION */;
/*!40101 SET NAMES utf8 */;

--
-- 数据库: `shop`
--

-- --------------------------------------------------------

--
-- 表的结构 `category`
--

CREATE TABLE IF NOT EXISTS `category` (
  `cid` varchar(32) NOT NULL,
  `cname` varchar(20) DEFAULT NULL,
  PRIMARY KEY (`cid`)
) ENGINE=InnoDB DEFAULT CHARSET=utf8;

--
-- 转存表中的数据 `category`
--

INSERT INTO `category` (`cid`, `cname`) VALUES
('1', '手机数码'),
('2', '电脑办公'),
('3', '家具家居'),
('4', '鞋靴箱包'),
('5', '图书音像'),
('6', '母婴孕婴');

-- --------------------------------------------------------

--
-- 表的结构 `orderitem`
--

CREATE TABLE IF NOT EXISTS `orderitem` (
  `itemid` varchar(32) NOT NULL,
  `count` int(11) DEFAULT NULL,
  `subtotal` double DEFAULT NULL,
  `pid` varchar(32) DEFAULT NULL,
  `oid` varchar(32) DEFAULT NULL,
  PRIMARY KEY (`itemid`),
  KEY `fk_0001` (`pid`),
  KEY `fk_0002` (`oid`)
) ENGINE=InnoDB DEFAULT CHARSET=utf8;

--
-- 转存表中的数据 `orderitem`
--

INSERT INTO `orderitem` (`itemid`, `count`, `subtotal`, `pid`, `oid`) VALUES
('0289E1BD39EE4FA5BE06DB0824C6B889', 1, 2699, '2', 'E232BBBF70894F33A6C27560C6EC1025'),
('060B5A0A2CA14AB7BEECDFAAEA8D52F8', 1, 2699, '2', '20A47B74C7A940DFA8C1A0C8C0703684'),
('0E80A89D6E354D85ACBAC251BE79758B', 1, 1398, '7', '4974287A6C694E13AF4B71E937378FBC'),
('0F145CE34D0C4261AC1D14F10B75121C', 1, 2699, '2', '81447D3D9603456097582DA8247D6AE8'),
('13C7380F3BE94D408DCC884B75B78128', 1, 2699, '2', '5EB31D18083A4503B250FBD79BC25311'),
('1BB12EFB25F74AC792851EBCE0EA2338', 1, 2699, '2', '605114973FDF44D5801E834A7EBEF897'),
('1BE815C3F59D478580FF0AD3EC5EBB0F', 1, 2699, '2', '206E06B655444401937BFFC8600314EE'),
('1E6B152EF5EA4E5D9FC24EE6777B4EF9', 1, 2699, '2', '3C2DBC629ADD4E819F4AC50340E558F4'),
('1F1185D139EC402F9857D037C4EFF92B', 1, 2699, '2', 'A34A60A6029C43E79D5535FC50D12950'),
('2160A9239FA843B896CFD29943610ED5', 1, 2699, '2', 'B4300242F6604666B62C198294F1D50D'),
('26A3E899C7E3472D9154B37D5C76C351', 1, 2699, '2', '8DB023B910924180B8990BE46E23F011'),
('28790F26468B4A0684929627AF649AC3', 1, 2699, '2', 'CF6CBAE0C07B44F2A76B8C80211D0B10'),
('2B63E614E14D4CBAAF5B908EE6990458', 1, 2699, '2', '204B6B44FF7E434FB2ED7FB3E215B890'),
('3002C6C118624AD1A1C988448403F49F', 1, 2699, '2', '195E2DEB43B3463A86CA9B867B712D30'),
('3C89EED3C0B14CFAAF2D1A9A5C01CAF1', 1, 1190, '8', '782F24DC27FE4777844D9EF9D7D88455'),
('3D11018A3D4240269CC8F2EAC896F8E7', 10, 22990, '50', '779F68FA421643EBA18E68B4E6C68B16'),
('4433E02A464F49AC9D6FEFC000D9AA76', 1, 2699, '2', '31A521544C9F4A97A90A002E52CC0110'),
('465A3D6B2AA64931A038B99AD45DF09B', 1, 2699, '2', 'F613418B5AA340BC9595362E889F6BF3'),
('47C5D3498F0245AD839DE5929CFC13F0', 1, 3299, '37', 'C3FDC28C1C0C4A11B1901221AE9F6F25'),
('47D8576DE0334050A2EA4495C961608F', 1, 2699, '2', '00F9F2B6ECC449AAA8C29E2BFFBE52A3'),
('4A5B846B4A11455EB8916620E86B9650', 1, 2699, '2', 'ABE837996AD144FE984507FAEA3084A2'),
('4D14889C3FBE4EF69DB2E0ACDE378AE7', 10, 22990, '50', 'F990E8CA23684384A2CFACEDD96DF706'),
('4F615493A10B4048A1F7E55C14C08918', 1, 2699, '2', '9350AFC7B65B4002BD758F1E6AD2C6C3'),
('5E0518CEBED2406E84B95B8063BAD6FE', 1, 2699, '2', '7BC553C064C342AEBE967826AB27F30F'),
('610128D213084F48B4593DE2E6AD876E', 1, 2699, '2', '694165E7B01D4410A5CD756E0C986F6A'),
('64001690E34E46B5B0080ACA85824329', 1, 2699, '2', 'CF44A339100D48F197B9979017CB9CD9'),
('66587D86EAF3443FA04205CB13F98D3A', 1, 2699, '2', '759A983592634312B924102EA16F9AC5'),
('66F8F4D0389244B9AB477D9682B51990', 1, 2699, '2', '53FD54AF206F40CABBA0AE288038BEDD'),
('6CD13ED9540F4B8AA9D436395C2B58C9', 1, 2699, '2', '2EDEC84AEF3847CEAE389A77C195E8CC'),
('6E53EFCF0863424D8C07C93E2BB2E608', 1, 2699, '2', 'D6662642E2B249769EEDEC275C62D9FE'),
('6F20680B4AC94D03AD8E3E20CED74642', 1, 2699, '2', '3DB613357A7E42BDA6A262972F0A469E'),
('709FAE2555A5470AA23F557F7095727D', 1, 2699, '2', '60FF482D7F2C412993B67D925BB4B4EE'),
('70ED230F41B64E2686011E0870D2464A', 1, 2699, '2', 'AC8FDADE86144114B22E837215BF85D7'),
('7413A1ACA9B94D13A5A491EC1EA13542', 1, 1299, '1', '4974287A6C694E13AF4B71E937378FBC'),
('75792318AE8343C2B601B997CAA10F7B', 1, 2699, '2', '506524AE2F614F5EA1D025663DA534F9'),
('76258808923D4479A379ADBD9BC83FCA', 1, 2699, '2', '2DE4901080FF4A01B47A825EC2BCEFDD'),
('79FFB30931D4469D951456BED570734B', 1, 4899, '47', '31A521544C9F4A97A90A002E52CC0110'),
('7DFC69B59789430FA2B422208CCA077C', 1, 2699, '2', '7C9A0BB3B6C74B6BA8C0BAA7E05D7957'),
('811E91E0AD444AB28E8D1798F0A765B9', 1, 2699, '2', '35F767B833BE49479552CCF4F9858C5E'),
('818330842751431281601D433459ACFD', 1, 1398, '7', '779F68FA421643EBA18E68B4E6C68B16'),
('834112B90A6C4F04BD2E3FA3EA7229E4', 1, 2699, '2', '0A031BE5B6644EAE815461F564480393'),
('8427A898159648F38573F4EA36BECBF3', 1, 2699, '2', 'DB413E770A5C4917A7E01216E4702697'),
('85C0FB7824E74F81A9B9780977ABF705', 1, 1398, '7', 'F990E8CA23684384A2CFACEDD96DF706'),
('8655BABB5DD7418E92F96B69BBC2368E', 1, 2699, '2', '735586E2FD6B4F689DB3380EEDFC6547'),
('8EE58EEBA4BA432E9D11D91491EFA3DC', 1, 2699, '2', 'FA1C4525E32D4368B69A3582D504C31B'),
('9D883146E1574EBEA0A4497C41F26176', 1, 2699, '2', '4F1062E030CC4D20B5CAEEC1029B1795'),
('9E14C14AAD9E4C48BC7FAED7C7026320', 1, 2699, '2', '7436D470335E4C7AA24B138F33467B24'),
('9E57288CBC8A480AA5A40CF2288BBA45', 1, 2699, '2', '9DC6DF05FAC945B385DF18F9A810DBD6'),
('A2DECFED9B41420EADB207364368F619', 1, 2699, '2', 'C1ACC4C0F9E0456EB7D2AD7610F57083'),
('A97FD5CAFE0A493393D4BCC06B37293B', 1, 2699, '2', 'FF58928DEC314C299E515DE3FF6D3479'),
('AC911CE9B47748F6A53513BECCFFAA20', 1, 2699, '2', 'D3E1AF2F012D42C3879FA0D5F5559BD1'),
('AEAF9F6FC5C64F458934794F617B01CD', 1, 2699, '2', '6E13A5860DD44827A9AB435076B9A9BF'),
('B0365AA3D7EA4324B31116AE3E1843F1', 1, 2699, '2', '4CBA712477FC48D58EA8358B9424E974'),
('B07AD7DED4C34CD887EEED1CF010DBA8', 1, 2699, '2', '36A64816CDFD4C4F948F943D4E6BC406'),
('B38268CE5112454FADD5766E72A96C0D', 1, 2699, '2', '90F3D84E3C9E4B6C8E7D5DFA642697A4'),
('B5FD42F13BFA46F6890116DA08E6578F', 1, 2699, '2', '991B5575AEA449B398B47CF8225DC2CF'),
('BECC7D76FB644B1395C2142D456B484E', 1, 2699, '2', 'B9FBE216F9F44529BAFD1A726163974F'),
('BEED36CC54D54E2EAE0D11044D2E245D', 1, 3299, '37', '2AEDAC5CD11943C5939F58C3DF4D9C28'),
('C09698FE618945CDB5AFF3C46D5B2874', 1, 2699, '2', '3E5A2C74087041CF8C8C3A52D6CDACAD'),
('C77703293D4944CA9845CD9403F63829', 1, 2699, '2', 'D5F66D940C104935884ED39F4E38F33D'),
('CBDA7979E2134A819EDB81C125FBA70E', 1, 2699, '2', 'ECBEB0FF795B49AFB82AEE04A23F6022'),
('CBF606DE09B24CC0857FED1E14A84DBB', 1, 2699, '2', '332E8F7F0F0E4A1B97AFA88A8514050E'),
('CDABBCEA793940B78A60550F3FF7013F', 1, 2699, '2', '678E9D7AF9934744975AEAF0D7A63DCC'),
('CF16B989AF5B4DE4AF05FA7D6AD79C55', 1, 2699, '2', '81690D758FA9438781938CCE409541DD'),
('D8228402F3AB4A14B02A9DD6BF39DF7F', 1, 2699, '2', '754EB67E39CD4C0DB2AA8511BEBE0B65'),
('D8AE48B3ECCA41E8BBAD3C9C612524D4', 1, 2699, '2', 'F09C86DBA1C64636ACC735E556D89175'),
('D8F5C5AF85144C2DB0CEF66E54C50D74', 1, 2699, '2', '53C63FADC6BB40C9BA2CC7B78713F8C1'),
('E4A2C0FCB97E43DF98D45777AE822436', 1, 2699, '2', 'C3E08739D4CD429FBBC69037007F9A73'),
('E5DB7A80634F4A79BE7DAC4CF706A2EE', 1, 1299, '1', 'F990E8CA23684384A2CFACEDD96DF706'),
('E76FCCFF0D14460DA9A00BDC7C26EE1B', 1, 2699, '2', '78C44B12DD4B4EE6AAECCC8D0A6E768D'),
('E7E932E1A58A4FECB21DEA6CBA1919C0', 1, 2699, '2', '6050E55FC1A14C8EB25C435F5C2E21DC'),
('EC8A972452744A1B8B29FF30724F1263', 1, 2699, '2', '1338FC542C1848E2B598507833A4928B'),
('EF557DB3121E424DAFC878EEAF9E54A8', 1, 1299, '1', '779F68FA421643EBA18E68B4E6C68B16'),
('F00E2EEC613B478EA80CDC8BC87A0CC2', 1, 2699, '2', '86BEA994EFBB4F6A88FA90163A18F929'),
('F1CF3CFF118A45538AC53ECD11D683E0', 1, 2699, '2', 'C6364C53D8BD49878A3C9A2E890014B0'),
('F1F25FA301DF467F8677FD2E02B49F84', 1, 2699, '2', 'F78FFB9D7F284F62A6ED8641109FF61E'),
('F3DEDA8EAFD94D88A22A9F8225D76262', 1, 3299, '37', '0C0579E709B348FA88B045D8AE735CD9'),
('F7C8DC72E49346428804A7436CBB9791', 1, 2699, '2', 'D4FDD3EDBD2A4A21BC08ED1AB00855E1'),
('F7D824895829403BA975D62EC86C3ADE', 1, 2699, '2', 'AF5D8CD6925546E2BC921ADF726B1668');

-- --------------------------------------------------------

--
-- 表的结构 `orders`
--

CREATE TABLE IF NOT EXISTS `orders` (
  `oid` varchar(32) NOT NULL,
  `ordertime` datetime DEFAULT NULL,
  `total` double DEFAULT NULL,
  `state` int(11) DEFAULT NULL,
  `address` varchar(30) DEFAULT NULL,
  `name` varchar(20) DEFAULT NULL,
  `telephone` varchar(20) DEFAULT NULL,
  `uid` varchar(32) DEFAULT NULL,
  PRIMARY KEY (`oid`)
) ENGINE=InnoDB DEFAULT CHARSET=utf8;

--
-- 转存表中的数据 `orders`
--

INSERT INTO `orders` (`oid`, `ordertime`, `total`, `state`, `address`, `name`, `telephone`, `uid`) VALUES
('00F9F2B6ECC449AAA8C29E2BFFBE52A3', '2017-08-14 03:37:44', 2699, 0, NULL, NULL, NULL, '21F4E61BCD81444AB195D796C4B4668B'),
('0A031BE5B6644EAE815461F564480393', '2017-08-14 03:37:06', 2699, 0, NULL, NULL, NULL, '21F4E61BCD81444AB195D796C4B4668B'),
('0C0579E709B348FA88B045D8AE735CD9', '2017-08-14 03:51:13', 3299, 0, '', '', '', '21F4E61BCD81444AB195D796C4B4668B'),
('1338FC542C1848E2B598507833A4928B', '2017-08-14 02:33:58', 2699, 0, NULL, NULL, NULL, '21F4E61BCD81444AB195D796C4B4668B'),
('195E2DEB43B3463A86CA9B867B712D30', '2017-08-14 02:50:19', 2699, 0, NULL, NULL, NULL, '21F4E61BCD81444AB195D796C4B4668B'),
('204B6B44FF7E434FB2ED7FB3E215B890', '2017-08-14 03:49:17', 2699, 2, NULL, NULL, NULL, '21F4E61BCD81444AB195D796C4B4668B'),
('206E06B655444401937BFFC8600314EE', '2017-08-14 02:33:26', 2699, 0, NULL, NULL, NULL, '21F4E61BCD81444AB195D796C4B4668B'),
('20A47B74C7A940DFA8C1A0C8C0703684', '2017-08-14 03:30:58', 2699, 0, NULL, NULL, NULL, '21F4E61BCD81444AB195D796C4B4668B'),
('2AEDAC5CD11943C5939F58C3DF4D9C28', '2017-08-14 03:51:03', 3299, 2, NULL, NULL, NULL, '21F4E61BCD81444AB195D796C4B4668B'),
('2DE4901080FF4A01B47A825EC2BCEFDD', '2017-08-14 03:06:54', 2699, 0, NULL, NULL, NULL, '21F4E61BCD81444AB195D796C4B4668B'),
('2EDEC84AEF3847CEAE389A77C195E8CC', '2017-08-14 03:09:03', 2699, 0, NULL, NULL, NULL, '21F4E61BCD81444AB195D796C4B4668B'),
('31A521544C9F4A97A90A002E52CC0110', '2017-08-14 03:49:49', 7598, 0, '', '', '', '21F4E61BCD81444AB195D796C4B4668B'),
('332E8F7F0F0E4A1B97AFA88A8514050E', '2017-08-14 02:28:43', 2699, 0, NULL, NULL, NULL, '21F4E61BCD81444AB195D796C4B4668B'),
('35F767B833BE49479552CCF4F9858C5E', '2017-08-14 03:19:01', 2699, 0, NULL, NULL, NULL, '21F4E61BCD81444AB195D796C4B4668B'),
('36A64816CDFD4C4F948F943D4E6BC406', '2017-08-14 03:40:57', 2699, 2, NULL, NULL, NULL, '21F4E61BCD81444AB195D796C4B4668B'),
('3C2DBC629ADD4E819F4AC50340E558F4', '2017-08-14 03:15:10', 2699, 0, NULL, NULL, NULL, '21F4E61BCD81444AB195D796C4B4668B'),
('3DB613357A7E42BDA6A262972F0A469E', '2017-08-14 02:45:26', 2699, 0, NULL, NULL, NULL, '21F4E61BCD81444AB195D796C4B4668B'),
('3E5A2C74087041CF8C8C3A52D6CDACAD', '2017-08-14 03:47:18', 2699, 0, NULL, NULL, NULL, '21F4E61BCD81444AB195D796C4B4668B'),
('4974287A6C694E13AF4B71E937378FBC', '2017-08-14 03:52:15', 2697, 0, '', '', '', '21F4E61BCD81444AB195D796C4B4668B'),
('4CBA712477FC48D58EA8358B9424E974', '2017-08-14 03:28:09', 2699, 0, NULL, NULL, NULL, '21F4E61BCD81444AB195D796C4B4668B'),
('4F1062E030CC4D20B5CAEEC1029B1795', '2017-08-14 03:09:16', 2699, 1, NULL, NULL, NULL, '21F4E61BCD81444AB195D796C4B4668B'),
('506524AE2F614F5EA1D025663DA534F9', '2017-08-14 03:08:24', 2699, 0, NULL, NULL, NULL, '21F4E61BCD81444AB195D796C4B4668B'),
('53C63FADC6BB40C9BA2CC7B78713F8C1', '2017-08-14 02:51:57', 2699, 2, NULL, NULL, NULL, '21F4E61BCD81444AB195D796C4B4668B'),
('53FD54AF206F40CABBA0AE288038BEDD', '2017-08-14 03:31:58', 2699, 0, NULL, NULL, NULL, '21F4E61BCD81444AB195D796C4B4668B'),
('5EB31D18083A4503B250FBD79BC25311', '2017-08-14 03:08:58', 2699, 1, NULL, NULL, NULL, '21F4E61BCD81444AB195D796C4B4668B'),
('6050E55FC1A14C8EB25C435F5C2E21DC', '2017-08-14 03:31:21', 2699, 0, NULL, NULL, NULL, '21F4E61BCD81444AB195D796C4B4668B'),
('605114973FDF44D5801E834A7EBEF897', '2017-08-14 03:40:38', 2699, 3, NULL, NULL, NULL, '21F4E61BCD81444AB195D796C4B4668B'),
('60FF482D7F2C412993B67D925BB4B4EE', '2017-08-14 03:35:50', 2699, 2, NULL, NULL, NULL, '21F4E61BCD81444AB195D796C4B4668B'),
('678E9D7AF9934744975AEAF0D7A63DCC', '2017-08-14 02:40:06', 2699, 0, NULL, NULL, NULL, '21F4E61BCD81444AB195D796C4B4668B'),
('694165E7B01D4410A5CD756E0C986F6A', '2017-08-14 03:47:03', 2699, 3, NULL, NULL, NULL, '21F4E61BCD81444AB195D796C4B4668B'),
('6E13A5860DD44827A9AB435076B9A9BF', '2017-08-14 03:11:06', 2699, 0, NULL, NULL, NULL, '21F4E61BCD81444AB195D796C4B4668B'),
('735586E2FD6B4F689DB3380EEDFC6547', '2017-08-14 03:22:46', 2699, 0, NULL, NULL, NULL, '21F4E61BCD81444AB195D796C4B4668B'),
('7436D470335E4C7AA24B138F33467B24', '2017-08-14 03:11:17', 2699, 3, NULL, NULL, NULL, '21F4E61BCD81444AB195D796C4B4668B'),
('754EB67E39CD4C0DB2AA8511BEBE0B65', '2017-08-14 03:38:53', 2699, 0, NULL, NULL, NULL, '21F4E61BCD81444AB195D796C4B4668B'),
('759A983592634312B924102EA16F9AC5', '2017-08-14 02:56:42', 2699, 0, NULL, NULL, NULL, '21F4E61BCD81444AB195D796C4B4668B'),
('779F68FA421643EBA18E68B4E6C68B16', '2017-08-14 03:53:47', 25687, 2, '', '', '', '21F4E61BCD81444AB195D796C4B4668B'),
('782F24DC27FE4777844D9EF9D7D88455', '2017-08-16 00:49:16', 1190, 2, '', '', '', '21F4E61BCD81444AB195D796C4B4668B'),
('78C44B12DD4B4EE6AAECCC8D0A6E768D', '2017-08-14 03:38:08', 2699, 0, NULL, NULL, NULL, '21F4E61BCD81444AB195D796C4B4668B'),
('7BC553C064C342AEBE967826AB27F30F', '2017-08-14 03:35:16', 2699, 0, NULL, NULL, NULL, '21F4E61BCD81444AB195D796C4B4668B'),
('7C9A0BB3B6C74B6BA8C0BAA7E05D7957', '2017-08-14 02:48:25', 2699, 0, NULL, NULL, NULL, '21F4E61BCD81444AB195D796C4B4668B'),
('81447D3D9603456097582DA8247D6AE8', '2017-08-14 02:43:37', 2699, 0, NULL, NULL, NULL, '21F4E61BCD81444AB195D796C4B4668B'),
('81690D758FA9438781938CCE409541DD', '2017-08-14 03:09:32', 2699, 0, NULL, NULL, NULL, '21F4E61BCD81444AB195D796C4B4668B'),
('861DCF6E02BE456284D897AAAC78DF4D', '2017-08-14 03:50:38', 0, 0, NULL, NULL, NULL, '21F4E61BCD81444AB195D796C4B4668B'),
('86BEA994EFBB4F6A88FA90163A18F929', '2017-08-14 03:07:49', 2699, 0, NULL, NULL, NULL, '21F4E61BCD81444AB195D796C4B4668B'),
('8DB023B910924180B8990BE46E23F011', '2017-08-14 02:35:25', 2699, 0, NULL, NULL, NULL, '21F4E61BCD81444AB195D796C4B4668B'),
('90F3D84E3C9E4B6C8E7D5DFA642697A4', '2017-08-14 03:09:41', 2699, 0, NULL, NULL, NULL, '21F4E61BCD81444AB195D796C4B4668B'),
('9350AFC7B65B4002BD758F1E6AD2C6C3', '2017-08-14 02:16:26', 2699, 3, NULL, NULL, NULL, '21F4E61BCD81444AB195D796C4B4668B'),
('991B5575AEA449B398B47CF8225DC2CF', '2017-08-14 03:03:51', 2699, 0, NULL, NULL, NULL, '21F4E61BCD81444AB195D796C4B4668B'),
('9DC6DF05FAC945B385DF18F9A810DBD6', '2017-08-14 03:01:44', 2699, 0, NULL, NULL, NULL, '21F4E61BCD81444AB195D796C4B4668B'),
('A34A60A6029C43E79D5535FC50D12950', '2017-08-14 03:29:42', 2699, 4, NULL, NULL, NULL, '21F4E61BCD81444AB195D796C4B4668B'),
('ABE837996AD144FE984507FAEA3084A2', '2017-08-14 03:46:27', 2699, 0, NULL, NULL, NULL, '21F4E61BCD81444AB195D796C4B4668B'),
('AC8FDADE86144114B22E837215BF85D7', '2017-08-14 03:20:27', 2699, 3, NULL, NULL, NULL, '21F4E61BCD81444AB195D796C4B4668B'),
('AF5D8CD6925546E2BC921ADF726B1668', '2017-08-14 02:32:53', 2699, 0, NULL, NULL, NULL, '21F4E61BCD81444AB195D796C4B4668B'),
('B4300242F6604666B62C198294F1D50D', '2017-08-14 03:00:40', 2699, 3, NULL, NULL, NULL, '21F4E61BCD81444AB195D796C4B4668B'),
('B9FBE216F9F44529BAFD1A726163974F', '2017-08-14 02:39:47', 2699, 0, NULL, NULL, NULL, '21F4E61BCD81444AB195D796C4B4668B'),
('C1ACC4C0F9E0456EB7D2AD7610F57083', '2017-08-14 03:33:55', 2699, 0, NULL, NULL, NULL, '21F4E61BCD81444AB195D796C4B4668B'),
('C3E08739D4CD429FBBC69037007F9A73', '2017-08-14 02:49:55', 2699, 0, NULL, NULL, NULL, '21F4E61BCD81444AB195D796C4B4668B'),
('C3FDC28C1C0C4A11B1901221AE9F6F25', '2017-08-14 03:50:58', 3299, 0, 'aa', 'aa', 'aa', '21F4E61BCD81444AB195D796C4B4668B'),
('C6364C53D8BD49878A3C9A2E890014B0', '2017-08-14 03:40:11', 2699, 0, NULL, NULL, NULL, '21F4E61BCD81444AB195D796C4B4668B'),
('CF44A339100D48F197B9979017CB9CD9', '2017-08-14 03:19:59', 2699, 0, NULL, NULL, NULL, '21F4E61BCD81444AB195D796C4B4668B'),
('CF6CBAE0C07B44F2A76B8C80211D0B10', '2017-08-14 03:07:31', 2699, 0, NULL, NULL, NULL, '21F4E61BCD81444AB195D796C4B4668B'),
('D3E1AF2F012D42C3879FA0D5F5559BD1', '2017-08-14 03:10:48', 2699, 0, NULL, NULL, NULL, '21F4E61BCD81444AB195D796C4B4668B'),
('D4FDD3EDBD2A4A21BC08ED1AB00855E1', '2017-08-14 03:30:32', 2699, 3, NULL, NULL, NULL, '21F4E61BCD81444AB195D796C4B4668B'),
('D5F66D940C104935884ED39F4E38F33D', '2017-08-14 03:13:02', 2699, 0, NULL, NULL, NULL, '21F4E61BCD81444AB195D796C4B4668B'),
('D6662642E2B249769EEDEC275C62D9FE', '2017-08-14 03:20:15', 2699, 0, NULL, NULL, NULL, '21F4E61BCD81444AB195D796C4B4668B'),
('DB413E770A5C4917A7E01216E4702697', '2017-08-14 02:33:13', 2699, 0, NULL, NULL, NULL, '21F4E61BCD81444AB195D796C4B4668B'),
('E232BBBF70894F33A6C27560C6EC1025', '2017-08-14 02:32:17', 2699, 3, NULL, NULL, NULL, '21F4E61BCD81444AB195D796C4B4668B'),
('ECBEB0FF795B49AFB82AEE04A23F6022', '2017-08-14 03:12:12', 2699, 0, NULL, NULL, NULL, '21F4E61BCD81444AB195D796C4B4668B'),
('F09C86DBA1C64636ACC735E556D89175', '2017-08-14 03:20:18', 2699, 3, NULL, NULL, NULL, '21F4E61BCD81444AB195D796C4B4668B'),
('F613418B5AA340BC9595362E889F6BF3', '2017-08-14 02:21:17', 2699, 0, NULL, NULL, NULL, '21F4E61BCD81444AB195D796C4B4668B'),
('F78FFB9D7F284F62A6ED8641109FF61E', '2017-08-14 03:47:54', 2699, 0, NULL, NULL, NULL, '21F4E61BCD81444AB195D796C4B4668B'),
('F990E8CA23684384A2CFACEDD96DF706', '2017-08-14 03:53:02', 25687, 3, '', '', '', '21F4E61BCD81444AB195D796C4B4668B'),
('FA1C4525E32D4368B69A3582D504C31B', '2017-08-14 03:10:22', 2699, 0, NULL, NULL, NULL, '21F4E61BCD81444AB195D796C4B4668B'),
('FF58928DEC314C299E515DE3FF6D3479', '2017-08-14 03:18:14', 2699, 0, NULL, NULL, NULL, '21F4E61BCD81444AB195D796C4B4668B');

-- --------------------------------------------------------

--
-- 表的结构 `product`
--

CREATE TABLE IF NOT EXISTS `product` (
  `pid` varchar(32) NOT NULL,
  `pname` varchar(50) DEFAULT NULL,
  `market_price` double DEFAULT NULL,
  `shop_price` double DEFAULT NULL,
  `pimage` varchar(200) DEFAULT NULL,
  `pdate` date DEFAULT NULL,
  `is_hot` int(11) DEFAULT NULL,
  `pdesc` varchar(255) DEFAULT NULL,
  `pflag` int(11) DEFAULT NULL,
  `cid` varchar(32) DEFAULT NULL,
  PRIMARY KEY (`pid`),
  KEY `sfk_0001` (`cid`)
) ENGINE=InnoDB DEFAULT CHARSET=utf8;

--
-- 转存表中的数据 `product`
--

INSERT INTO `product` (`pid`, `pname`, `market_price`, `shop_price`, `pimage`, `pdate`, `is_hot`, `pdesc`, `pflag`, `cid`) VALUES
('1', '小米 4c 标准版', 1399, 1299, 'products/1/c_0001.jpg', '2015-11-02', 1, '小米 4c 标准版 全网通 白色 移动联通电信4G手机 双卡双待', 0, '1'),
('10', '华为 Ascend Mate7', 2699, 2599, 'products/1/c_0010.jpg', '2015-11-02', 1, '华为 Ascend Mate7 月光银 移动4G手机 双卡双待双通6英寸高清大屏，纤薄机身，智能超八核，按压式指纹识别！!选择下方“移动老用户4G飞享合约”，无需换号，还有话费每月返还！', 0, '1'),
('11', 'vivo X5Pro', 2399, 2298, 'products/1/c_0014.jpg', '2015-11-02', 1, '移动联通双4G手机 3G运存版 极光白【购机送蓝牙耳机+蓝牙自拍杆】新升级3G运行内存·双2.5D弧面玻璃·眼球识别技术', 0, '1'),
('12', '努比亚（nubia）My 布拉格', 1899, 1799, 'products/1/c_0013.jpg', '2015-11-02', 0, '努比亚（nubia）My 布拉格 银白 移动联通4G手机 双卡双待【嗨11，下单立减100】金属机身，快速充电！布拉格相机全新体验！', 0, '1'),
('13', '华为 麦芒4', 2599, 2499, 'products/1/c_0012.jpg', '2015-11-02', 1, '华为 麦芒4 晨曦金 全网通版4G手机 双卡双待金属机身 2.5D弧面屏 指纹解锁 光学防抖', 0, '1'),
('14', 'vivo X5M', 1899, 1799, 'products/1/c_0011.jpg', '2015-11-02', 0, 'vivo X5M 移动4G手机 双卡双待 香槟金【购机送蓝牙耳机+蓝牙自拍杆】5.0英寸大屏显示·八核双卡双待·Hi-Fi移动KTV', 0, '1'),
('15', 'Apple iPhone 6 (A1586)', 4399, 4288, 'products/1/c_0015.jpg', '2015-11-02', 1, 'Apple iPhone 6 (A1586) 16GB 金色 移动联通电信4G手机长期省才是真的省！点击购机送费版，月月送话费，月月享优惠，畅享4G网络，就在联通4G！', 0, '1'),
('16', '华为 HUAWEI Mate S 臻享版', 4200, 4087, 'products/1/c_0016.jpg', '2015-11-03', 0, '华为 HUAWEI Mate S 臻享版 手机 极昼金 移动联通双4G(高配)满星评价即返30元话费啦；买就送电源+清水套+创意手机支架；优雅弧屏，mate7升级版', 0, '1'),
('17', '索尼(SONY) E6533 Z3+', 4099, 3999, 'products/1/c_0017.jpg', '2015-11-02', 0, '索尼(SONY) E6533 Z3+ 双卡双4G手机 防水防尘 涧湖绿索尼z3专业防水 2070万像素 移动联通双4G', 0, '1'),
('18', 'HTC One M9+', 3599, 3499, 'products/1/c_0018.jpg', '2015-11-02', 0, 'HTC One M9+（M9pw） 金银汇 移动联通双4G手机5.2英寸，8核CPU，指纹识别，UltraPixel超像素前置相机+2000万/200万后置双镜头相机！降价特卖，惊喜不断！', 0, '1'),
('19', 'HTC Desire 826d 32G 臻珠白', 1599, 1469, 'products/1/c_0020.jpg', '2015-11-02', 1, '后置1300万+UltraPixel超像素前置摄像头+【双】前置扬声器+5.5英寸【1080p】大屏！', 0, '1'),
('2', '中兴 AXON', 2899, 2699, 'products/1/c_0002.jpg', '2015-11-05', 1, '中兴 AXON 天机 mini 压力屏版 B2015 华尔金 移动联通电信4G 双卡双待', 0, '1'),
('20', '小米 红米2A 增强版 白色', 649, 549, 'products/1/c_0019.jpg', '2015-11-02', 0, '新增至2GB 内存+16GB容量！4G双卡双待，联芯 4 核 1.5GHz 处理器！', 0, '1'),
('21', '魅族 魅蓝note2 16GB 白色', 1099, 999, 'products/1/c_0021.jpg', '2015-11-02', 0, '现货速抢，抢完即止！5.5英寸1080P分辨率屏幕，64位八核1.3GHz处理器，1300万像素摄像头，双色温双闪光灯！', 0, '1'),
('22', '三星 Galaxy S5 (G9008W) 闪耀白', 2099, 1999, 'products/1/c_0022.jpg', '2015-11-02', 1, '5.1英寸全高清炫丽屏，2.5GHz四核处理器，1600万像素', 0, '1'),
('23', 'sonim XP7700 4G手机', 1799, 1699, 'products/1/c_0023.jpg', '2015-11-09', 1, '三防智能手机 移动/联通双4G 安全 黑黄色 双4G美国军工IP69 30天长待机 3米防水防摔 北斗', 0, '1'),
('24', '努比亚（nubia）Z9精英版 金色', 3988, 3888, 'products/1/c_0024.jpg', '2015-11-02', 1, '移动联通电信4G手机 双卡双待真正的无边框！金色尊贵版！4GB+64GB大内存！', 0, '1'),
('25', 'Apple iPhone 6 Plus (A1524) 16GB 金色', 5188, 4988, 'products/1/c_0025.jpg', '2015-11-02', 0, 'Apple iPhone 6 Plus (A1524) 16GB 金色 移动联通电信4G手机 硬货 硬实力', 0, '1'),
('26', 'Apple iPhone 6s (A1700) 64G 玫瑰金色', 6388, 6088, 'products/1/c_0026.jpg', '2015-11-02', 0, 'Apple iPhone 6 Plus (A1524) 16GB 金色 移动联通电信4G手机 硬货 硬实力', 0, '1'),
('27', '三星 Galaxy Note5（N9200）32G版', 5588, 5388, 'products/1/c_0027.jpg', '2015-11-02', 0, '旗舰机型！5.7英寸大屏，4+32G内存！不一样的SPen更优化的浮窗指令！赠无线充电板！', 0, '1'),
('28', '三星 Galaxy S6 Edge+（G9280）32G版 铂光金', 5999, 5888, 'products/1/c_0028.jpg', '2015-11-02', 0, '赠移动电源+自拍杆+三星OTG金属U盘+无线充电器+透明保护壳', 0, '1'),
('29', 'LG G4（H818）陶瓷白 国际版', 3018, 2978, 'products/1/c_0029.jpg', '2015-11-02', 0, '李敏镐代言，F1.8大光圈1600万后置摄像头，5.5英寸2K屏，3G+32G内存，LG年度旗舰机！', 0, '1'),
('3', '华为荣耀6', 1599, 1499, 'products/1/c_0003.jpg', '2015-11-02', 0, '荣耀 6 (H60-L01) 3GB内存标准版 黑色 移动4G手机', 0, '1'),
('30', '微软(Microsoft) Lumia 640 LTE DS (RM-1113)', 1099, 999, 'products/1/c_0030.jpg', '2015-11-02', 0, '微软首款双网双卡双4G手机，5.0英寸高清大屏，双网双卡双4G！', 0, '1'),
('31', '宏碁（acer）ATC705-N50 台式电脑', 2399, 2299, 'products/1/c_0031.jpg', '2015-11-02', 0, '爆款直降，满千减百，品质宏碁，特惠来袭，何必苦等11.11，早买早便宜！', 0, '2'),
('32', 'Apple MacBook Air MJVE2CH/A 13.3英寸', 6788, 6688, 'products/1/c_0032.jpg', '2015-11-02', 0, '宽屏笔记本电脑 128GB 闪存', 0, '2'),
('33', '联想（ThinkPad） 轻薄系列E450C(20EH0001CD)', 4399, 4199, 'products/1/c_0033.jpg', '2015-11-02', 0, '联想（ThinkPad） 轻薄系列E450C(20EH0001CD)14英寸笔记本电脑(i5-4210U 4G 500G 2G独显 Win8.1)', 0, '2'),
('34', '联想（Lenovo）小新V3000经典版', 4599, 4499, 'products/1/c_0034.jpg', '2015-11-02', 0, '14英寸超薄笔记本电脑（i7-5500U 4G 500G+8G SSHD 2G独显 全高清屏）黑色满1000減100，狂减！火力全开，横扫3天！', 0, '2'),
('35', '华硕（ASUS）经典系列R557LI', 3799, 3699, 'products/1/c_0035.jpg', '2015-11-02', 0, '15.6英寸笔记本电脑（i5-5200U 4G 7200转500G 2G独显 D刻 蓝牙 Win8.1 黑色）', 0, '2'),
('36', '华硕（ASUS）X450J', 4599, 4399, 'products/1/c_0036.jpg', '2015-11-02', 0, '14英寸笔记本电脑 （i5-4200H 4G 1TB GT940M 2G独显 蓝牙4.0 D刻 Win8.1 黑色）', 0, '2'),
('37', '戴尔（DELL）灵越 飞匣3000系列', 3399, 3299, 'products/1/c_0037.jpg', '2015-11-03', 0, ' Ins14C-4528B 14英寸笔记本（i5-5200U 4G 500G GT820M 2G独显 Win8）黑', 0, '2'),
('38', '惠普(HP)WASD 暗影精灵', 5699, 5499, 'products/1/c_0038.jpg', '2015-11-02', 0, '15.6英寸游戏笔记本电脑(i5-6300HQ 4G 1TB+128G SSD GTX950M 4G独显 Win10)', 0, '2'),
('39', 'Apple 配备 Retina 显示屏的 MacBook', 11299, 10288, 'products/1/c_0039.jpg', '2015-11-02', 0, 'Pro MF840CH/A 13.3英寸宽屏笔记本电脑 256GB 闪存', 0, '2'),
('4', '联想 P1', 2199, 1999, 'products/1/c_0004.jpg', '2015-11-02', 0, '联想 P1 16G 伯爵金 移动联通4G手机充电5分钟，通话3小时！科技源于超越！品质源于沉淀！5000mAh大电池！高端商务佳配！', 0, '1'),
('40', '机械革命（MECHREVO）MR X6S-M', 6799, 6599, 'products/1/c_0040.jpg', '2015-11-02', 0, '15.6英寸游戏本(I7-4710MQ 8G 64GSSD+1T GTX960M 2G独显 IPS屏 WIN7)黑色', 0, '2'),
('41', '神舟（HASEE） 战神K660D-i7D2', 5699, 5499, 'products/1/c_0041.jpg', '2015-11-02', 0, '15.6英寸游戏本(i7-4710MQ 8G 1TB GTX960M 2G独显 1080P)黑色', 0, '2'),
('42', '微星（MSI）GE62 2QC-264XCN', 6199, 5999, 'products/1/c_0042.jpg', '2015-11-02', 0, '15.6英寸游戏笔记本电脑（i5-4210H 8G 1T GTX960MG DDR5 2G 背光键盘）黑色', 0, '2'),
('43', '雷神（ThundeRobot）G150S', 5699, 5499, 'products/1/c_0043.jpg', '2015-11-02', 0, '15.6英寸游戏本 ( i7-4710MQ 4G 500G GTX950M 2G独显 包无亮点全高清屏) 金', 0, '2'),
('44', '惠普（HP）轻薄系列 HP', 3199, 3099, 'products/1/c_0044.jpg', '2015-11-02', 0, '15-r239TX 15.6英寸笔记本电脑（i5-5200U 4G 500G GT820M 2G独显 win8.1）金属灰', 0, '2'),
('45', '未来人类（Terrans Force）T5', 10999, 9899, 'products/1/c_0045.jpg', '2015-11-02', 0, '15.6英寸游戏本（i7-5700HQ 16G 120G固态+1TB GTX970M 3G GDDR5独显）黑', 0, '2'),
('46', '戴尔（DELL）Vostro 3800-R6308 台式电脑', 3299, 3199, 'products/1/c_0046.jpg', '2015-11-02', 0, '（i3-4170 4G 500G DVD 三年上门服务 Win7）黑', 0, '2'),
('47', '联想（Lenovo）H3050 台式电脑', 5099, 4899, 'products/1/c_0047.jpg', '2015-11-11', 0, '（i5-4460 4G 500G GT720 1G独显 DVD 千兆网卡 Win10）23英寸', 0, '2'),
('48', 'Apple iPad mini 2 ME279CH/A', 2088, 1888, 'products/1/c_0048.jpg', '2015-11-02', 0, '（配备 Retina 显示屏 7.9英寸 16G WLAN 机型 银色）', 0, '2'),
('49', '小米（MI）7.9英寸平板', 1399, 1299, 'products/1/c_0049.jpg', '2015-11-02', 0, 'WIFI 64GB（NVIDIA Tegra K1 2.2GHz 2G 64G 2048*1536视网膜屏 800W）白色', 0, '2'),
('5', '摩托罗拉 moto x（x+1）', 1799, 1699, 'products/1/c_0005.jpg', '2015-11-01', 0, '摩托罗拉 moto x（x+1）(XT1085) 32GB 天然竹 全网通4G手机11月11天！MOTO X震撼特惠来袭！1699元！带你玩转黑科技！天然材质，原生流畅系统！', 0, '1'),
('50', 'Apple iPad Air 2 MGLW2CH/A', 2399, 2299, 'products/1/c_0050.jpg', '2015-11-12', 0, '（9.7英寸 16G WLAN 机型 银色）', 0, '2'),
('6', '魅族 MX5 16GB 银黑色', 1899, 1799, 'products/1/c_0006.jpg', '2015-11-02', 0, '魅族 MX5 16GB 银黑色 移动联通双4G手机 双卡双待送原厂钢化膜+保护壳+耳机！5.5英寸大屏幕，3G运行内存，2070万+500万像素摄像头！长期省才是真的省！', 0, '1'),
('7', '三星 Galaxy On7', 1499, 1398, 'products/1/c_0007.jpg', '2015-11-14', 0, '三星 Galaxy On7（G6000）昂小七 金色 全网通4G手机 双卡双待新品火爆抢购中！京东尊享千元良机！5.5英寸高清大屏！1300+500W像素！评价赢30元话费券！', 0, '1'),
('8', 'NUU NU5', 1288, 1190, 'products/1/c_0008.jpg', '2015-11-02', 0, 'NUU NU5 16GB 移动联通双4G智能手机 双卡双待 晒单有礼 晨光金香港品牌 2.5D弧度前后钢化玻璃 随机附赠手机套+钢化贴膜 晒单送移动电源+蓝牙耳机', 0, '1'),
('9', '乐视（Letv）乐1pro（X800）', 2399, 2299, 'products/1/c_0009.jpg', '2015-11-02', 0, '乐视（Letv）乐1pro（X800）64GB 金色 移动联通4G手机 双卡双待乐视生态UI+5.5英寸2K屏+高通8核处理器+4GB运行内存+64GB存储+1300万摄像头！', 0, '1');

-- --------------------------------------------------------

--
-- 表的结构 `user`
--

CREATE TABLE IF NOT EXISTS `user` (
  `uid` varchar(32) NOT NULL,
  `username` varchar(20) NOT NULL,
  `password` varchar(20) NOT NULL,
  `name` varchar(20) NOT NULL,
  `email` varchar(30) NOT NULL,
  `telephone` varchar(20) NOT NULL,
  `birthday` varchar(10) NOT NULL,
  `sex` varchar(10) NOT NULL,
  `state` int(11) NOT NULL,
  `code` varchar(64) NOT NULL,
  PRIMARY KEY (`uid`)
) ENGINE=InnoDB DEFAULT CHARSET=utf8;

--
-- 转存表中的数据 `user`
--

INSERT INTO `user` (`uid`, `username`, `password`, `name`, `email`, `telephone`, `birthday`, `sex`, `state`, `code`) VALUES
('00DFA5D4D8E1496CB35C592B27BF478E', '456', '456', '456', '456', '456', '2017-8-1', '1', 1, '787AC9BBC94A4AA09070E2220186F62D'),
('116021F5E64941E28E2273386CE0D338', 'qwe', 'qwe', 'qwe', 'qwe', 'qwe', '1953-4-10', '0', 0, '810EAA91BDFD4237A768B28FC41FF89F'),
('21F4E61BCD81444AB195D796C4B4668B', '321', '321', '321', '321', '321', '2017-8-1', '0', 1, 'EAB4707770064E7BAAAFFE8C3F2971D0'),
('28D048B2B5454C3B88694B4802A90ECC', '123', '321', '123', '123', '123', '2017-8-1', '0', 0, '130B35234C404402B0416E5C583E440F');

--
-- 限制导出的表
--

--
-- 限制表 `orderitem`
--
ALTER TABLE `orderitem`
  ADD CONSTRAINT `fk_0001` FOREIGN KEY (`pid`) REFERENCES `product` (`pid`),
  ADD CONSTRAINT `fk_0002` FOREIGN KEY (`oid`) REFERENCES `orders` (`oid`);

--
-- 限制表 `product`
--
ALTER TABLE `product`
  ADD CONSTRAINT `sfk_0001` FOREIGN KEY (`cid`) REFERENCES `category` (`cid`);

/*!40101 SET CHARACTER_SET_CLIENT=@OLD_CHARACTER_SET_CLIENT */;
/*!40101 SET CHARACTER_SET_RESULTS=@OLD_CHARACTER_SET_RESULTS */;
/*!40101 SET COLLATION_CONNECTION=@OLD_COLLATION_CONNECTION */;
